,pk_time,pk_mag,a1,a2,std_time,std_mag,std_a1,std_a2,chi_2,filter,name,dof,redshift
0,59308.914646426434,21.211092354594623,1.7911695562933803,-0.3713782318863135,0.9225199732596779,0.035482289699199386,0.02686096633070253,0.007684921191645438,95.9079272094954,z,2021jel ,14.0,0.2103
1,59309.54078381623,20.765193634148304,-6.556097738974419,0.16705418131061844,0.30609741462639917,0.01584959263476816,0.44300129811564687,0.039087683585746255,22.4450652805368,g,2021jel ,18.0,0.2103
2,59311.16331032172,20.717715255609377,-2.1606296917791075,0.3874117829503681,0.3505359779334771,0.014341990810690023,0.10918367432623265,0.01975248804922949,46.20422323421454,r,2021jel ,15.0,0.2103
3,59280.10411,20.80080735598478,-4.8213608547169144,0.45788898300738856,3.202649893432173,0.19971032925108367,0.2064052787147645,0.033801713419778154,36.95725933265273,r,2021hmr  ,28.0,0.5187
4,59275.24546799071,20.88235794826941,0.2015915961407895,0.2972858014736031,8.422116977886825,0.2595121212235933,0.04208737723382481,0.011513007473050521,51.32645286288035,z,2021hmr  ,23.0,0.5187
5,59272.20444904431,20.419449641482238,-9.48473610161698,0.008834861649966967,3.742613204824468,0.5159664455347781,1.5684753917741083,0.07834431972087853,16.083693979481353,g,2021hmr  ,24.0,0.5187
6,59301.85621388969,21.17179431880998,-3.3129931254381524,0.1811156140954036,0.27606647987625527,0.022245424935148757,0.4311076708513516,0.040532741924073204,70.56093521653156,g,2021hmi  ,18.0,0.22975
7,59304.11782017784,21.071301945233337,-1.7647471980208762,0.37701829215341087,0.20838788877238387,0.014594424569016811,0.11331566175952358,0.020239966009352982,283.8544942233492,r,2021hmi  ,15.0,0.22975
8,59303.94944888441,21.47793384085805,1.6764104667680766,-0.328978204223572,0.6452599239370554,0.03767769302481374,0.027493289931193352,0.00783184147176447,11.481020197005734,z,2021hmi  ,9.0,0.22975
9,59283.46767,20.83593338823941,-4.919541331030351,0.1879535214839006,0.0,0.04415178295047957,0.3445187128833708,0.037161164062992864,22.693341349915983,g,2021hmp ,15.0,0.1779
10,59281.49970079211,21.19416531610612,1.9520813429044774,-0.44313573799466555,2.3564889592894063,0.09158265695425372,0.02604592711788803,0.007468864511495495,31.763342093385326,z,2021hmp ,7.0,0.1779
11,59275.222369999996,19.945986708169816,-1.4473150279260403,0.34339486822959286,0.0,0.023157387279457032,0.10692871707202292,0.018661804435211957,78.00873961077762,r,2021hmp ,9.0,0.1779
12,59312.685486339,22.74859380566968,-7.273446585981815,0.049084462944071976,1.1590706970432807,0.05112000367609805,1.380416220598665,0.06346871191511212,12.521821389504575,g,2021jii ,9.0,0.4276
13,59322.678686339,21.968676521972622,0.6548275264970937,0.10259711610138403,0.0,0.05534931294081261,0.036386999690282314,0.010057443247814154,39.77901631999487,z,2021jii ,9.0,0.4276
14,59316.76358689516,22.205763785522766,-4.722915726598645,0.4408368828970626,1.0326713422450315,0.03365020193309484,0.20408795876974417,0.028502258740866517,6.0320507188608,r,2021jii ,6.0,0.4276
15,59347.11669824036,21.48015997510329,-1.1716479911946212,0.3648987301138017,7.726154180976211,0.44004423651174984,0.1060957501389803,0.018237912221317387,20.877260164643207,r,missing13 ,4.0,0.1344
16,59311.54427563561,21.513738003260578,-5.588162145324519,0.10178117455212522,0.5161359266175323,0.021292171722822013,0.8160919027506175,0.05246905570402122,23.41962092670164,g,2021jgl ,14.0,0.3467
17,59314.77649059715,21.40573621852518,-3.6597491613254114,0.42388110019635405,0.49229786149982646,0.017698974485946428,0.15697254395677251,0.024545632788514522,20.012380452784456,r,2021jgl ,14.0,0.3467
18,59320.97117563561,21.744479036130972,1.0731634695058676,-0.0736227341323595,0.0,0.06494007695959632,0.03211558860001286,0.008985624845510362,79.60272507552384,z,2021jgl ,11.0,0.3467
19,59338.25393048156,21.374054737462707,2.1497229530704245,-0.5284264718525499,0.9188296792252759,0.04764866535575603,0.025203524268948226,0.007256811409189129,35.41879397957829,z,2021hmj ,8.0,0.1384
20,59346.22273048156,22.663302270327343,-1.1515700366091763,0.3676616139509426,0.0,0.08788549477949094,0.1063252758544062,0.018304358467554103,74.42470338568044,r,2021hmj ,6.0,0.1384
21,59359.77084429326,21.705653494626226,2.1807719026674364,-0.5404825209354428,1.0044638471597709,0.049110502449150856,0.025107143908932983,0.0072312680700047545,30.13708935186923,z,missing2,10.0,0.1328
22,59297.29944440009,20.750014230389926,0.4596124449750207,0.2609106513680784,0.5701181489164319,0.014364555671969734,0.24134353569510303,0.031836772526250987,202.13782295356262,g,2021fxl ,15.0,0.0581
23,59303.671385044225,20.21224285167741,1.3905153155219352,0.2890293220231127,0.13427687747450087,0.010227824191386702,0.08022821189763558,0.01695592926347441,914.3256632022336,r,2021fxl ,12.0,0.0581
24,59303.39100430794,20.183773079805622,2.6017754842669794,-0.7025672276296951,0.21004184229281775,0.013661243411960006,0.023924046175514094,0.006974872227558724,270.8189990033908,z,2021fxl ,11.0,0.0581
25,59308.63723130682,22.141197977614873,-3.1566987732438285,0.17270302563642403,1.4361390229936408,0.07777700581580452,0.5484588036173064,0.03999351065468032,52.060827839385276,g,2021jgs ,13.0,0.2179
26,59313.25049333311,21.825332758688695,-2.1827404832388817,0.3876567746945513,0.9905214710163627,0.04236946589754901,0.12158859433355851,0.020063765749170324,20.46930021506968,r,2021jgs ,7.0,0.2179
27,59327.69789820237,21.35118400629436,2.5614515138735694,-0.7002344351206303,0.7830343501028717,0.050942941762056416,0.024125198656310236,0.006989775634104728,68.23132554127508,z,2021jhq ,13.0,0.0597
28,59333.269192599626,21.206229753352073,-2.3577736810056114,0.23927079850363156,2.9095404303619117,0.19373185971973161,0.397447002265996,0.032339489790762774,150.165156590269,g,2021jhq ,9.0,0.0597
29,59326.75318254622,22.815914396185118,-0.11609794530039408,0.34524169564518914,1.5731866082440262,0.10785730731669892,0.0975482870418028,0.017332873826174044,13.776297378471835,r,2021jhq ,4.0,0.0597
30,59318.73644706936,20.735193914669058,-3.959637763368461,0.19184591507500615,0.16972374738159907,0.006578983494255219,0.359409645801873,0.04146852173196978,40.43806076671086,g,2021jgv  ,18.0,0.245
31,59322.11048087893,20.540017988597054,-1.588628019885684,0.4255067138701647,0.1920592124689898,0.010392618054555052,0.11033111498745399,0.02048833450623979,259.1186184447516,r,2021jgv  ,12.0,0.245
32,59316.29332320968,21.200908103692065,1.6073080002674887,-0.2962688890848345,0.70880255190674,0.0260616221657158,0.027952196919963306,0.007954976889632941,47.28341816051868,z,2021jgv  ,12.0,0.245
33,59358.16939919137,22.259955684196093,-4.115126644928967,0.4264875067006609,2.228128801947648,0.06620833376657558,0.1777913210527975,0.025733124849053657,14.536946923667823,r,missing20 ,4.0,0.3718
34,59359.201298018175,22.006363668232847,-4.041219397402766,0.42516827362580195,2.525595958299308,0.05741648274415454,0.17496182797255297,0.025443473533028026,9.946897610729145,r,missing9 ,4.0,0.3655
35,59370.53428586027,21.77883919968899,-3.63557345181685,0.41539732282463465,1.5421286670365002,0.09856155536520676,0.15984039420814852,0.023887103841243186,11.090252392687757,r,missing21 ,5.0,0.3297
36,59303.99716655344,22.51804330730514,-5.621364767468096,-0.1121968659662052,0.6251403086988148,0.042391760084092206,1.601627295448927,0.10215699122504497,118.63442019343704,g,2021jgr ,25.0,0.6396
37,59310.01263045141,22.250733777267026,-5.0764599878228,0.5235322330574431,0.5401407662878303,0.025488072983262323,0.31904305405397176,0.04232588931012418,257.7607414193247,r,2021jgr ,23.0,0.6396
38,59309.77804884539,22.187090063643613,-0.4387276717031772,0.563929828770201,1.5921295606943426,0.049528409898960145,0.051840643208872994,0.013927660033865726,92.2164541945415,z,2021jgr ,18.0,0.6396
39,59354.65575530398,21.92727772760955,-5.79650909196501,0.11740638620869344,0.5883792816562339,0.0382331798681496,0.9313098805047002,0.050120113750811435,22.130745669316806,g,2021mij ,7.0,0.3268
40,59356.771347562004,21.796936201530148,-3.5922454488160334,0.4158041836117042,0.5452763535947756,0.03414354236015692,0.15850556979257355,0.023752588806182078,0.8433844993630685,r,2021mij ,5.0,0.3268
41,59356.34205328286,22.168637599854918,1.1741167999753106,-0.11751256381907375,1.8115571073335273,0.09355925826317982,0.031209968856125352,0.00875700670937688,5.120133613764588,z,2021mij ,5.0,0.3268
42,59358.45291032299,22.41558953505259,-6.4451265486925315,0.11946702465222071,1.0235576620633315,0.08072664839212047,0.9523572223335695,0.04841630823196661,1.1579147674329269,g,missing8 ,4.0,0.3098
43,59362.39954318881,22.00407087190161,-3.399326501158146,0.4107063108914524,0.8336024771522754,0.05134436159441799,0.15220867359946594,0.023096370688126727,0.40680559234951835,r,missing8 ,3.0,0.3098
44,59328.34365329293,19.784745126180333,-1.560912428107005,0.34204328023895014,0.12483059046696265,0.012749583273217029,0.23368078076485596,0.03352473211724149,238.2363665121404,g,2021jhr ,16.0,0.1262
45,59336.22705329293,19.983261376179264,0.001286648381999822,0.4292229867218078,0.0,0.008280060154156707,0.08319930833413965,0.017589430618228857,445.6130124920502,r,2021jhr ,10.0,0.1262
46,59330.913577554114,21.725551285341986,0.5990917630479184,0.12628564307466233,1.132438353133736,0.04972835327578064,0.03702379880769204,0.01022164059664194,49.549445303125324,z,2021jxl ,17.0,0.4387
47,59321.75067017552,22.561233462779565,-2.958826127330212,0.03606544014538408,0.8505849086109041,0.03509305330138124,1.0154083353782062,0.06482079688906395,41.61584231365382,g,2021jxl ,10.0,0.4387
48,59323.85231740438,21.999409506058814,-4.702838607229975,0.44743482417233427,0.5855218053948569,0.0319317729786041,0.2065651204126016,0.029031638191488327,19.378259985328583,r,2021jxl ,9.0,0.4387
49,59302.43717548685,22.30170606070307,-4.367731041382417,0.4400719272306414,0.7315209392147971,0.03874810638047329,0.2407616294656888,0.03384147983172469,190.84607346185265,r,2021hms ,25.0,0.5193
50,59302.52726615227,23.24464409061245,-4.248491069167078,-0.0008605078621546315,1.3447394072821246,0.09045210571649026,1.503810254536013,0.07841748535168268,19.07538920268357,g,2021hms ,12.0,0.5193
51,59313.07227548685,21.81665296437109,0.19207251708994233,0.3018207406562819,0.0,0.09639930518593688,0.04231356694197732,0.01154326489678718,140.58528837426627,z,2021hms ,12.0,0.5193
52,59343.09473404081,21.87658631247494,1.653996306198046,-0.3191729266704164,1.5256728706005165,0.06089752562927731,0.027654600399382813,0.00786865425846162,13.32179686686932,z,2021lnk ,12.0,0.2343
53,59345.16086586086,20.93695559360197,-6.968249811175259,0.15903171724425394,0.2043064740336097,0.014685422738564059,0.571174760469443,0.04108561899462751,14.22395963619887,g,2021lnk ,12.0,0.2343
54,59347.07017224969,20.959540538577716,-2.3841016310104712,0.3965804335185156,0.2649509713728124,0.013449030226115394,0.12286549233115913,0.020414543988481897,17.49962234485721,r,2021lnk ,8.0,0.2343
55,59341.40634,19.615578888930187,0.5898797318937682,0.3255020986392042,0.0,0.01507018561514916,0.08816810488486562,0.01709699101833644,70.4952936496516,r,2020abbl  ,6.0,0.0258
56,59334.322572617515,21.599314537125846,0.5626690800652849,0.14096492420615486,2.5367073124404915,0.08376043363225222,0.03745800242403672,0.010320554890959902,79.19089655334624,z,2021jgn ,11.0,0.4452
57,59336.75277888297,22.848402353103943,-7.003388421162858,0.04158857876554138,5.952797284992806,0.37187517836508993,1.4622504227203437,0.06615022790871196,1.6994966752337712,g,2021jgn ,3.0,0.4452
58,59330.61189312642,21.998440714476914,-5.100981732382527,0.5142176704887356,1.166795051420849,0.08444820099492323,0.21427015963345508,0.02945639210078411,84.45788129304208,r,2021jgn ,4.0,0.4452
59,59340.248278735155,21.320085376116428,0.5163551749327226,0.1672822227363049,1.079576190073813,0.04106045722819904,0.03813607583483277,0.010497000533799782,133.12879607612243,z,missing22,21.0,0.4567
60,59338.00693994474,21.77791965033582,1.2636729666795667,-0.15432178961774023,1.5165084404746725,0.07508973146810964,0.030463249998719213,0.008572756736221095,10.422598840611315,z,2021jif ,8.0,0.3099
61,59345.727343065366,23.061518097242086,-3.3923747297111584,0.41123519344965737,2.487638901680442,0.1516580138699054,0.15217546830433043,0.023099801375778856,6.230811764875659,r,2021jif ,4.0,0.3099
62,59295.793444653216,22.563788927772514,-4.174197800652768,0.4279570984881014,1.9833917912011325,0.05978192614051216,0.18262305149403676,0.0263677869368282,22.650476066184783,r,2021hml ,8.0,0.3854
63,59302.99680065426,22.316755644213817,0.87507262126568,0.009717757484022989,1.466017717369,0.07784123793466387,0.034054300745647414,0.009470769651372342,43.976750027980145,z,2021hml ,7.0,0.3854
64,59304.280604903746,23.470369861876318,-6.671576117269332,0.0768933863311767,1.89415567461283,0.1564347072583157,1.2127939651555224,0.057543288699158694,1.404897618449416,g,2021hml ,3.0,0.3854
65,59357.909436812166,21.6203413032072,-7.262768245530858,0.513852684243827,1.4351875616604344,0.03250869399635919,0.41095700928637996,0.04811755216081614,28.565388952074663,r,missing11 ,10.0,0.7051
66,59345.973736812164,21.894105967877508,-0.7902436964022986,0.7069458669226755,0.0,0.08227443917252793,0.057929180590801196,0.0154369551209816,6.286210486753693,z,missing11 ,3.0,0.7051
67,59335.056863327394,19.393928625167547,-3.876626035469782,0.4197778103911995,0.3099482317079474,0.010781037483995488,0.16813726743692337,0.025079973366601036,12.370617643923028,r,2021iak ,6.0,0.3584
68,59304.62763520298,22.988362395855503,-1.7743020557331661,0.3764332344168603,1.1487391011681654,0.07865325438993062,0.11434981270588226,0.019117976922807898,8.753594268247632,r,2021jhy ,10.0,0.1794
69,59303.28949610147,21.483531278129504,1.938788483784765,-0.4389162238110445,0.5171096197523084,0.035647853975846994,0.026102560064236103,0.0074800564411003,132.29093608071614,z,2021jhy ,10.0,0.1794
70,59303.76008489416,23.41933972658421,-5.677955906211394,0.19610560126748908,1.4567838959091324,0.13459918919159808,0.6468562132321468,0.037394345509102506,1.512853648968471,g,2021jhy ,4.0,0.1794
71,59281.59734,21.652409207302355,-4.721660006400428,0.08246925544826945,0.0,0.059870307839616055,0.5358710104594685,0.05554278308283202,20.741464040764065,g,2021hne ,19.0,0.3712
72,59291.19574,21.831444158743203,-4.020945809787256,0.4375602862507634,0.0,0.04326574973388739,0.1722586247468098,0.02567376716026986,2683.297826732275,r,2021hne ,15.0,0.3712
73,59274.334972956465,21.74129886150821,0.9447499239453859,-0.020941998515837088,0.00041361834653035783,0.0842376538184832,0.03332473866175731,0.009286142324283674,35.03649293681903,z,2021hne ,12.0,0.3712
74,59344.655640000004,21.615005148260064,1.1263592422092485,-0.09670614123603248,0.0,0.06180569120035166,0.03163397904873985,0.008863285172027259,67.22619715163889,z,2021jgm ,14.0,0.3362
75,59342.45904120778,23.43124060998163,-3.705078396053195,0.4177319885058204,2.873814720796468,0.13359963222783128,0.1624787707341149,0.02416069130770055,4.309580707512255,r,2021jgm ,4.0,0.3362
76,59296.556916854686,21.266997708833145,1.5087073728013785,-0.2583234167271686,1.208660850373885,0.030728704053593577,0.028568040624239763,0.008103267559115335,6.517138375833529,z,2021hnp ,10.0,0.26215
77,59293.90583722729,21.311210437875964,-2.7488554656399633,0.3947821700983353,0.9377889670121556,0.031692749396162706,0.13192704899374966,0.021369261625054262,22.10444756396845,r,2021hnp ,12.0,0.26215
78,59287.721866854685,22.115590983997112,-4.892005303580693,0.1455532419149701,0.0,0.0676139917351516,0.6164880391637505,0.04368313199200001,22.27124719651359,g,2021hnp ,10.0,0.26215
79,59356.863536893805,20.82161073811612,2.123092646482088,-0.5167642737650722,0.6090058925438157,0.033797706838098684,0.025314257756499495,0.0072827271125818615,6.976894795015755,z,2021mig ,3.0,0.1438
80,59358.611074927925,20.27594816297231,-5.287020668857691,0.2196875623070286,0.1355423028891568,0.016679631205965714,0.5608337207751077,0.0351870327823905,8.958964292179743,g,2021mig ,4.0,0.1438
81,59360.13208565165,20.267838462237872,-1.319042692900003,0.36390549325453053,0.17065358801224975,0.012466913236487435,0.10744467703053841,0.018370482474549744,12.57976249123313,r,2021mig ,3.0,0.1438
82,59318.76054297272,21.508907192187664,-3.785399515410429,0.4351846211213217,0.4530857899508074,0.02184014217039026,0.16804987015824618,0.025648760121320367,59.39761560579299,r,2021jgo ,15.0,0.372
83,59314.925465411194,22.029050151878746,-3.8822020235285017,0.09638116571567945,0.5925872860099622,0.022113089553130738,0.7894909288351792,0.05558652613694032,36.0495577505166,g,2021jgo ,14.0,0.372
84,59315.82720327504,22.04359323173839,0.9417859626501985,-0.019036763527381588,1.911972820439319,0.06221561229654904,0.03335264806035062,0.00929697422613828,9.358351314187003,z,2021jgo ,10.0,0.372
85,59378.43992999999,21.015518007682346,-4.808817347826396,0.44333487108735803,0.0,0.05358618839878463,0.20966862822637883,0.028962229035646127,0.46505859073812167,r,missing17 ,4.0,0.4359
86,59337.66572816361,21.406600292339352,-4.495679621069543,0.24578723736260882,0.6085580190098209,0.04346641890381475,0.5074442676629073,0.03398902458523335,45.625893694784736,g,2021koc ,12.0,0.1143
87,59336.215717349005,21.18952197540685,2.2820036329865214,-0.580697139647012,0.8767374122365071,0.05051382289892491,0.024775332075756547,0.007152322081435499,40.62048108629623,z,2021koc ,6.0,0.1143
88,59345.46582816361,21.372054167681327,-0.6933289245626099,0.36801280071595477,0.0,0.02996750146574055,0.1013405229514694,0.017911248334784535,140.52503331237003,r,2021koc ,7.0,0.1143
89,59348.64018968641,21.592321789295,2.4198301576665626,-0.6401319532753532,1.364466776555609,0.06366487454686325,0.024413957794119808,0.007058813234045597,21.934534677305503,z,2021hmo ,9.0,0.087
90,59356.24918968641,22.2534038941816,-0.5036372217977305,0.35415640813692667,0.0,0.05578300888264834,0.09993624036759025,0.017579686750887197,22.638489643612367,r,2021hmo ,9.0,0.087
91,59344.33710796737,22.800767757155043,-4.833739174209086,0.2504896608964301,1.7676568980602214,0.13949824508508016,0.521125614151854,0.03312928884432276,17.254229425848067,g,2021hmo ,4.0,0.087
92,59340.85617919742,22.058078491140503,-5.509115612552997,0.460897355603703,0.8929496321584468,0.04267819873328192,0.2482156873514258,0.03286408805734179,5.879612111763018,r,missing7 ,5.0,0.5031
93,59337.334553901565,22.18980747667656,-5.803652599430925,0.01635799785482001,1.4851010039259414,0.07764722325882367,1.608747392297223,0.0754965965847405,26.148584775405293,g,missing7 ,8.0,0.5031
94,59330.33447919742,21.988339336977187,0.258506760248786,0.2665241882780673,0.0,0.10357078483211545,0.041220517185413814,0.011260272981715091,38.48842108581062,z,missing7 ,6.0,0.5031
95,59282.53802,14.3488145107171,-10.0,0.2806326076053198,0.0,0.06760819359171374,0.0,0.04509526336405381,3207.563012852889,g,2021moa ,15.0,0.2781
96,59285.223028349224,20.64856335677834,-3.0787836511087447,0.4024111897997887,14.83745600607577,0.9341177243334078,0.14066216769771583,0.02193529591804925,173.10147288002912,r,2021moa ,3.0,0.2781
97,59285.521916547616,20.669826037223064,1.4243481009014753,-0.22356822375136168,14.301039573538704,0.6797404261077205,0.02918865439513135,0.008252785658166657,36.25070117520541,z,2021moa ,3.0,0.2781
98,59331.67264062418,20.83830576192752,0.20011695347397293,0.21265474903837242,0.798202110381501,0.029242975437874512,0.34116568485433363,0.040665503750956206,523.8619231684889,g,2021mod ,20.0,0.2363
99,59323.01854062418,21.031403160184514,1.6456741550420557,-0.31527129610451304,0.0,0.03939988774371344,0.027714310207244536,0.007882516373287046,88.25475240315355,z,2021mod ,17.0,0.2363
100,59340.32674062418,20.92070747315944,-1.104665510766829,0.4278682566045011,0.0,0.015282247458029944,0.11497131459241432,0.020534470370559735,981.6556190022764,r,2021mod ,12.0,0.2363
101,59333.23656435288,19.82586828246021,-5.126776491725531,0.1440073098127564,0.13500528167591733,0.011160085362851527,0.349078540802951,0.04386742447747713,15.81295171559207,g,2021jyh ,12.0,0.2795
102,59335.19333380622,19.828636406591254,-1.9458455677440867,0.4051993597976589,0.20142049095370315,0.008899902912084602,0.10858441588749747,0.021405007768648957,168.7796884199219,r,2021jyh ,7.0,0.2795
103,59331.990917333605,20.606628009726727,1.4413794530091786,-0.22230360783815176,0.4763329596401718,0.019396914709943293,0.029097783479966017,0.008259276210883652,103.99234271809159,z,2021jyh ,8.0,0.2795
104,59281.17705,21.759317306981373,-3.325437877287102,0.04960377003895504,0.0,0.08729555910948729,0.6468988221320539,0.06096286831698123,22.340161651392105,g,2021hmz ,16.0,0.4112
105,59271.29865,19.93789346997124,-4.435222432056424,0.42862354006226977,0.0,0.03518550542023884,0.18296464534499993,0.027241132647625163,7.832302134296354,r,2021hmz ,9.0,0.4112
106,59290.22377113822,21.351852519735335,0.7328417170545445,0.06590094661578624,5.862433593014314,0.1884289805473833,0.035461762725368516,0.009821746107028535,15.804966929855027,z,2021hmz ,6.0,0.4112
107,59321.178424256526,21.2166237379778,1.3146265387459255,-0.17654177458400813,5.205463779356467,0.155348987314311,0.03004622512432354,0.008468482606415967,79.01618648598057,z,2021ln,15.0,0.3
108,59312.07842425653,21.331774145431716,0.36864578628149275,0.08894650559129962,0.0,0.17273340232923368,0.7919084018516136,0.047271511986209394,196.90286025599136,g,2021ln,10.0,0.3
109,59312.07842425653,19.94963184146988,-2.7918711276108215,0.3728943973646939,0.0,0.04296771612905944,0.14696355517057738,0.022663286531783303,513.9924001426098,r,2021ln,8.0,0.3
110,59333.42452095985,21.56096774897111,0.667425563169956,0.09640006295028603,1.780933461267137,0.065121770709657,0.0362304020713776,0.010018273058761844,93.01493467480667,z,2021kia ,15.0,0.4249
111,59331.71565887937,22.332662237770016,-4.5894569373194996,0.4418537239416188,0.6803829736806745,0.04525194369196862,0.20137655551060055,0.028344544957085428,20.889161623712226,r,2021kia ,10.0,0.4249
112,59333.29513758531,22.693299710490294,-6.8872775067785685,0.054457704031103386,2.62982434244436,0.21885323489273328,1.371150292208198,0.06307427339340164,14.275919255498454,g,2021kia ,4.0,0.4249
113,59335.375781089955,22.09505852689157,-4.5243204162239765,0.43416445920583546,0.6256263184985407,0.03306902048459224,0.19346458519635362,0.027518481170130952,40.96011975814461,r,2021kii ,18.0,0.4099
114,59333.41869219924,22.887298291794252,-6.077212821416449,0.0663557138106222,0.8128755627816552,0.07990340354318094,1.240277556063799,0.0608521644070998,21.677335164777098,g,2021kii ,13.0,0.4099
115,59336.905590064845,22.303060746470823,0.7442422273269037,0.06359701226266175,1.9256842274710373,0.07224987179226902,0.03539185572055983,0.009804414840827209,17.980797520672496,z,2021kii ,13.0,0.4099
116,59355.16591801369,22.07060867575496,1.1246802820693067,-0.09684987532545476,1.405197810036581,0.06245341235589374,0.031640796810141356,0.008864704827053996,9.149497964101531,z,2021hmg ,9.0,0.3363
117,59350.74276714588,23.06402508955975,-3.695154695659388,0.41874182753792344,1.8724926012627197,0.09757489637348636,0.16242250996792348,0.024159572394421278,9.520367621522423,r,2021hmg ,4.0,0.3363
118,59358.67140425306,22.060993053813093,-7.131475792325111,0.5090296663841585,2.441789380040701,0.05140874879214519,0.39434176742479354,0.04660690568043228,11.337026752135777,r,missing14,4.0,0.6877
119,59338.830389557326,21.844786229795083,1.0446298770707676,-0.06202728569662942,1.970096711965699,0.06913413788135171,0.032372881763465436,0.009050375315786015,32.70932440170803,z,2021jgk  ,15.0,0.3521
120,59335.82085209285,22.692856142915524,-3.845894196664927,0.10351228960504058,3.152026465589977,0.13337989324052568,0.9560261523529533,0.053288131483723855,93.70835796039945,g,2021jgk  ,6.0,0.3521
121,59329.36568955733,21.585280404288913,-3.899031798903018,0.4324250930282823,0.0,0.026521440548813488,0.1663258191921222,0.024793281588657807,169.6473412483299,r,2021jgk  ,8.0,0.3521
122,59352.1532703192,19.409398086420193,-1.293482910662166,0.4466493038470328,0.07860542225916178,0.005059263659487432,0.10910432062623732,0.018889600045364125,329.5848447445721,r,2021lox ,9.0,0.1972
123,59355.73823473913,19.629447146691298,1.856720789372401,-0.3962577063920156,0.17711049334457488,0.009807252586094894,0.026545101064434685,0.0075873325885035085,133.6310320747462,z,2021lox ,7.0,0.1972
124,59299.00508735715,20.452095763171297,-1.416391766008234,0.36264068844637143,0.22792931746330897,0.009294673424621301,0.09925165596873015,0.01837721038952674,55.97835561484826,r,2021hab ,14.0,0.151
125,59298.6663773574,20.47212072213509,-5.109820174291079,0.22328462700030427,0.2718026783815394,0.011561563616504494,0.3524943776461089,0.035479323172585495,17.08350686063586,g,2021hab ,15.0,0.151
126,59295.63341239174,21.339880950879945,2.082396145326266,-0.5012319484435791,1.6934720710191753,0.0409739023918679,0.025424458870451947,0.007318540569915627,25.11066839322295,z,2021hab ,10.0,0.151
127,59339.60042775257,20.265852289092972,0.9102099667765854,-0.023477252700192457,2.4255585119388794,0.07742918239152854,0.03336111586814283,0.009297806304676292,3654.946865155718,z,missing2 ,16.0,0.3721
128,59345.06404620528,21.922234318218123,-4.066732621001356,0.4289159198346547,0.7147962031067556,0.03323045084064555,0.1758125553964878,0.025715740049858368,10.789241147836771,r,missing2 ,8.0,0.3721
129,59340.01661320074,22.4469461979531,-6.064330228880505,0.0895521599384916,1.2616426907977074,0.06965297983637792,1.1467106206132118,0.05575663959357656,10.9337339148165,g,missing2 ,7.0,0.3721
130,59303.3101945329,21.706286424311823,1.6028525622064507,0.09677252290583588,0.0009240627038017946,0.02405450768763509,0.6713530834499598,0.09081120537347945,99.26856423488798,g,2021hnk  ,20.0,0.5976
131,59309.55802587552,21.457309338909322,-3.0376440922497725,0.5527219190019904,0.3593542905960148,0.01819772445968363,0.2353863797948268,0.03888659781465422,336.34782561399095,r,2021hnk  ,17.0,0.5976
132,59310.95627330301,21.656439281081408,-0.2260516056433383,0.4740687775145544,0.9929766186798549,0.03553904715856916,0.048284642867890165,0.013034564545338344,45.57460160585344,z,2021hnk  ,12.0,0.5976
133,59334.23422985712,22.135198289835515,-4.002947269775688,0.21987155628248956,1.398810341588262,0.0881209405293751,0.5068090187175978,0.035235999998567163,38.964745651809054,g,2021jyj  ,12.0,0.1416
134,59336.5713245751,22.034292780020504,-1.1922684221584634,0.36823295976685216,0.7721224975190991,0.04185900093239441,0.10604869756193992,0.018343991624082814,31.712804588500628,r,2021jyj  ,8.0,0.1416
135,59331.25389850938,21.731930878563055,2.136833281844025,-0.5213534338724549,2.7894584887596054,0.10501448290736236,0.02526912791966164,0.007272560967457622,51.257802332064955,z,2021jyj  ,6.0,0.1416
136,59296.53900419762,19.80241222844631,-6.118977241441932,0.04115851691858409,0.21941023674704974,0.005366071018145522,0.20887477078074349,0.036719451609605436,3038.592875609378,g,2021gij  ,40.0,0.1866
137,59295.53800496996,19.73804617166926,0.2001674748506426,0.29024296760288465,0.3288645704378104,0.005493963563000019,0.07528325691795162,0.018296128508884856,3650.722598777712,r,2021gij  ,26.0,0.1866
138,59298.72680810102,20.49508827961978,1.9641963265972762,-0.42503740773491344,0.00048092330727994147,0.011782870473849384,0.025859835430913868,0.00750881863811474,546.9181073184994,z,2021gij  ,22.0,0.1866
139,59336.29282724757,22.09998227926884,-5.369649188521064,0.07500648575223806,1.183504806147148,0.06811525442694882,1.0959233428240878,0.05900252925010516,33.86408798335931,g,2021kow ,15.0,0.3969
140,59340.65712845572,21.947532346068122,-4.379001863896765,0.43512230292316156,0.9936614830057889,0.048090357107531734,0.18874382361156267,0.02691667732729589,10.865092983179299,r,2021kow ,7.0,0.3969
141,59328.87366410504,22.046638861460977,-4.71181602165865,0.4422842524016043,0.7574418054235595,0.053698442014373585,0.20498435230023268,0.028630814062999988,23.69451667756392,r,2021kic ,10.0,0.4302
142,59333.59698090986,21.974916037967386,0.6374442899297589,0.10790932002903943,2.0741498956571394,0.09094837185859729,0.03656707680503357,0.010096273168935542,2.4434533844810487,z,2021kic ,5.0,0.4302
143,59330.04762293987,22.331445923999595,-7.761060086108774,0.04173583371595128,1.4143401580982364,0.13832363591482408,1.3840707600494457,0.06383558860813177,17.71332236683123,g,2021kic ,4.0,0.4302
144,59308.39850477027,22.53941707414087,-3.028440244134508,0.198705890679133,0.00011366608180849137,0.03806779891460492,0.5683115582391035,0.03832312790842059,97.8310922155065,g,2021jwy ,12.0,0.1959
145,59316.76980477027,21.941496121053074,-1.9150426836453847,0.3805883496700634,0.0,0.027957106560731908,0.11580766855234957,0.01949502045577881,42.49622386384724,r,2021jwy ,9.0,0.1959
146,59300.027204770275,21.937387382747204,1.85366991065588,-0.402945502532847,0.0,0.10906396911877976,0.026525220816038957,0.007586177906205863,6.951438397785582,z,2021jwy ,5.0,0.1959
147,59300.32762294727,20.49617553515384,3.2968041230289895,0.26006058992251396,0.24799080849792035,0.011266186552561811,0.15980715997366138,0.030443654587292104,350.1345166295577,g,2020acdl  ,17.0,0.047
148,59298.919757404125,20.3911565079628,0.6329545544553209,0.3258837100684743,0.24220960568078334,0.00963302235025923,0.08316817885110316,0.016971908588792183,220.35884952836744,r,2020acdl  ,14.0,0.047
149,59298.7392101825,20.911697979625128,2.6252436661440157,-0.7273030858348842,0.5124493247538766,0.020740704639575856,0.02397479539882094,0.006963532217533957,9.48359426078842,z,2020acdl  ,11.0,0.047
150,59332.847378065104,22.64845547170564,-0.7135395566324216,0.04108111727026893,0.7277528883390808,0.058169717709247795,0.9304038348805447,0.07066872585855895,71.86765057279803,g,2021hmx ,25.0,0.4765
151,59322.5118780651,21.529258835360167,0.40797041579090537,0.21122292249774335,0.0,0.024292877079412946,0.03930129946117445,0.01080841127033224,93.98095912166843,z,2021hmx ,22.0,0.4765
152,59334.318633342904,22.017324430866815,-4.666407495402967,0.4785728446520965,0.5502351862777823,0.032243799732636504,0.2253942620039464,0.031172324624670254,175.60895832413576,r,2021hmx ,17.0,0.4765
153,59297.23125628605,20.631154418473333,2.2106347470365995,-0.5504341047663872,0.6352733068398407,0.021236133588266596,0.02494298077168474,0.007208944989221854,63.5290695048854,z,2021hmq,11.0,0.129
154,59295.669364994596,19.993200776363338,-5.879017648282249,0.2325613926104656,0.40576240268123115,0.010655642866851,0.33529204071750096,0.03450142455845326,39.06728727523856,g,2021hmq,13.0,0.129
155,59297.366431815935,19.98148480206477,-0.6076646765999307,0.37678943247963226,0.28301333905699855,0.008190908727170433,0.09055241842934095,0.017932486648135307,180.6646702200467,r,2021hmq,11.0,0.129
156,59361.69478589195,22.265503423267077,-4.02958412517324,0.42448622235389605,2.207823532824206,0.06584508558044293,0.17436621762345472,0.02538192979522712,8.055870720716515,r,missing15 ,5.0,0.3642
157,59356.559299841276,22.115564272155677,0.9797127610855847,-0.03608737963481952,2.3194380795705514,0.08443229336108966,0.03297911299395849,0.009199307078995987,2.2411499369105807,z,missing15 ,3.0,0.3642
158,59323.062089072206,21.502131511999107,-0.4555413275593794,-0.10695736180708433,0.6906244047929123,0.019557730583155675,1.0167503746741382,0.13880488845714514,128.92142578361307,g,2021jgp ,24.0,0.8084
159,59335.38702207583,21.51066896530374,-1.3054449122514753,0.9359159838620391,1.0594100602371816,0.0373654976450631,0.06848632374678434,0.01809816485137251,67.87884167869277,z,2021jgp ,19.0,0.8084
160,59326.83295603132,21.468133457186067,-2.6166128143484086,0.5785081025852435,0.5151351993092808,0.022918090553513196,0.36495844691548607,0.056829702845906,274.8936205868894,r,2021jgp ,13.0,0.8084
161,59328.8127198105,21.718534278819675,2.3272480254657,-0.6009617516327219,1.0247859187558281,0.06804512724190669,0.024646264028886967,0.007118268511302802,36.68066630074739,z,2021mua ,9.0,0.1051
162,59322.9133180129,20.836499917597315,-0.6276749010927605,0.3444437326654773,4.720903771191911e-05,0.04307855562238074,0.10135316906487267,0.01777962779357009,324.23446753020227,r,2021mua ,7.0,0.1051
163,59322.91220300112,20.3611887628328,-3.1770370186977623,0.22415191548228022,0.00010537016632152222,0.10818382289988644,0.5106785718374315,0.03368139531324918,159.27174578942856,g,2021mua ,6.0,0.1051
164,59292.03970868545,19.57563620850107,-5.141261993240438,0.2216665968536319,0.6262109616062104,0.031559284300262724,0.2077921652181808,0.03407775693913176,13.51340627323949,g,2021ftc,18.0,0.1217
165,59286.006425119165,20.20204698814233,2.2490475005747284,-0.566387200889199,0.651053936024745,0.028782605035109675,0.024800776481615043,0.007173506062392305,22.46936191516664,z,2021ftc,9.0,0.1217
166,59293.49902771948,19.61978635561781,-0.45591441659711324,0.36792691577558656,0.4735546337172998,0.013888493421828848,0.07745245042980044,0.017548325805253978,77.94587872131805,r,2021ftc,11.0,0.1217
167,59297.571493811076,21.973955290617713,-5.76501870471787,0.4892987421525826,1.0239695098620063,0.031575415602270666,0.3589504592338159,0.04677287812266034,91.90055215957214,r,2021hmn  ,14.0,0.6908
168,59306.46002673674,22.49150897846516,-0.7118867910540569,0.6761441947547872,2.461697410858182,0.0988010629194445,0.056546530182261606,0.015095010190292553,10.646297797997914,z,2021hmn  ,6.0,0.6908
169,59285.73589381108,22.605261878951314,-6.653081708093883,-0.097080454637064,15.828119086175114,0.954675123091597,2.1859410825769303,0.11439218706599599,3.3927628241395698,g,2021hmn  ,3.0,0.6908
170,59362.623713002584,22.06810934724438,-3.8064256425987644,0.41985131905947115,2.343892014428092,0.05046229941765656,0.16603367269481317,0.02452638259321998,6.8489185887353585,r,missing12 ,4.0,0.3448
171,59343.152389038245,20.346282580867847,-1.3466165856478545,0.2484970977538563,0.22838871314165304,0.01365243790548653,0.3776031280582963,0.034435348588794955,260.8642733946358,g,2021hnq  ,10.0,0.12935
172,59336.90997524636,22.556686844951003,-1.0693122868733553,0.3641317740941163,1.8243743508380668,0.08412396162122267,0.10492982186300369,0.01814969795677484,28.528353283634686,r,2021hnq  ,10.0,0.12935
173,59284.274280000005,19.740822695143883,-5.239196155570985,0.23643627385632765,0.0,0.025628727921895005,0.2196417730915264,0.03351538323951827,3.773163142332105,g,2021gvr ,16.0,0.1064
174,59277.98609622343,19.36544450898568,-0.4589608310056486,0.32234353417990086,0.0002993280888432205,0.015986291092853776,0.08749860230185606,0.017074172516496858,76.22726368619176,r,2021gvr ,10.0,0.1064
175,59282.882421856615,20.274843343224887,2.330022625119007,-0.6003091751277839,0.8403423099559633,0.03183094587088271,0.024597190544681128,0.007113941081978536,40.599876156774066,z,2021gvr ,8.0,0.1064
176,59356.43412327122,21.506248934511223,2.5212016815291087,-0.6830781307208353,0.9240429894266081,0.06346357584926174,0.024209732236131508,0.007006865104991225,16.573709732085153,z,2021jia,3.0,0.0673
177,59330.447725865415,21.57260630952624,0.9208976751266462,-0.009762489594573792,1.9091849673794887,0.06290549168841834,0.033561412665678775,0.00935189347337507,71.27851493656962,z,2021jhd  ,16.0,0.3763
178,59320.81362586541,22.45561530826817,-1.923352567316286,0.13391469657075403,0.0,0.02170526934614851,0.7656185371153732,0.05581924809417131,87.10645563166355,g,2021jhd  ,9.0,0.3763
179,59320.81362586541,21.896931012008224,-3.924056174034113,0.43405790628580926,0.0,0.02815858777788763,0.17271052801761694,0.025867574744584464,86.97462090627165,r,2021jhd  ,10.0,0.3763
180,59334.42165746287,21.782345053193037,1.7046605596716524,-0.3404497013624365,4.272240069183292,0.11324126718537358,0.027349353730948937,0.007792783589014924,21.775708446663394,z,missingt6 ,10.0,0.2246
181,59342.993857462876,22.676206305961767,-2.339625734761357,0.3891327233920157,0.0,0.05950924365518841,0.12486282415668971,0.02025430066329887,19.095708400442177,r,missingt6 ,8.0,0.2246
182,59342.993857462876,22.504454228308727,-5.654130091798455,0.17279636164071122,0.0,0.05982047460018972,0.7259757554862138,0.040535011603195156,19.03665123128128,g,missingt6 ,7.0,0.2246
183,59339.0628021138,21.96274567256466,1.4548764686336104,0.1623638030324642,1.169113620567423,0.048490816697366754,0.43494293781633586,0.042158018418950435,141.9696938057499,g,2021hnn ,11.0,0.24605
184,59347.7851521138,21.480244626901644,-1.9645685399288055,0.4289448455609759,0.0,0.02505919774687739,0.12686098247445038,0.020812495903968487,420.2615249929353,r,2021hnn ,8.0,0.24605
185,59339.3947908493,21.465869852953595,1.600452061057268,-0.2931993057913744,0.9722368824970717,0.04376685086812766,0.028017260996058394,0.007964896704202517,48.943698575031696,z,2021hnn ,8.0,0.24605
186,59354.52307,22.26081192123036,2.1669655638247387,-0.5345503654879706,0.0,0.09454600896680909,0.025156373652957403,0.0072436815198029594,16.249384148111496,z,2021iro  ,12.0,0.1355
187,59351.51943547454,22.88928910962018,-1.1854789651532376,0.36554373582857436,2.282844598185593,0.10696965233239111,0.10623692548935154,0.018255281068567848,11.083663409654305,r,2021iro  ,3.0,0.1355
188,59348.01268636632,20.292196028171084,-4.7175470296818425,0.175703478827805,0.19770051295036303,0.009846368050428832,0.47331469527814063,0.03986194577283214,24.18663666713268,g,2021lbx ,6.0,0.2207
189,59351.204821793355,20.177335162097982,-2.3068834137513834,0.3878781673059017,0.19868623772679186,0.008784003747658331,0.11914131257031456,0.019827787651249318,6.947596296322015,r,2021lbx ,4.0,0.2207
190,59346.112127971384,20.885027772128616,1.7238969563232334,-0.349026005075879,0.8421076265350163,0.03902922905003742,0.027230004072421557,0.0077626752525763116,12.384005758355073,z,2021lbx ,4.0,0.2207
191,59285.74783,21.147820303338978,-4.075127615799604,-0.02147196997080896,0.0,0.1660059995759806,1.1471150132895094,0.08196868569729515,37.26620258465106,g,2021jhb ,15.0,0.54
192,59293.48366888301,21.21588117812665,0.07465143725184605,0.34638264955934633,18.88485047919145,0.6322859130300741,0.04383242387135053,0.011917319828052208,49.582463683699295,z,2021jhb ,7.0,0.54
193,59296.52783,21.194203674716785,-5.682583585015404,0.4737444445131316,0.0,0.051241073153370245,0.2663257970282529,0.035237568575445695,42.37352767784403,r,2021jhb ,8.0,0.54
194,59304.71142717342,21.538463631662697,-1.9428537910106531,0.3807000893069115,0.3385403212282153,0.02244184943204766,0.1156052617556573,0.019550953395949908,25.896556479395286,r,2021hmm ,15.0,0.1998
195,59301.42880217444,21.93417806869616,-6.957819226633628,0.1762656655924224,0.3445245791313141,0.029261160139312806,0.6076865446650364,0.0386630482223122,26.762965289434288,g,2021hmm ,12.0,0.1998
196,59299.890877391364,22.194244818593283,1.8330850833892964,-0.39440871657259136,1.8133198851498165,0.0677641714196583,0.026629096238080126,0.007612504020505518,11.128495207878048,z,2021hmm ,7.0,0.1998
197,59363.267387331005,22.655686554283683,-4.913184807678696,0.44599356080512764,3.644017845629383,0.07481037095516041,0.21515610095754198,0.029512075447146832,8.964333341408098,r,missing18 ,4.0,0.4459
198,59327.699092367926,21.24629681957284,1.443599306408296,-0.22673392111558455,0.7678254212191804,0.036041952761897166,0.029093017144782664,0.008235772816561761,59.74562655617345,z,2021jxj  ,10.0,0.2765
199,59336.634592367926,22.32547650968627,-2.8340180352971402,0.4009872684877273,0.0,0.08575097765966122,0.13908807210802715,0.021876400442430614,83.37137421597997,r,2021jxj  ,9.0,0.2765
200,59366.98091143079,21.039839593066073,-3.5280615705054705,0.411641342304435,1.815206029529666,0.12100977885738494,0.15600087715408825,0.023490049339003345,367.6493446830796,r,missing10 ,4.0,0.3198
201,59318.341199999995,22.365032525890616,-0.8310031711056404,0.7293534625962943,0.0,0.07046757055435651,0.05881020485295079,0.015667134233683596,26.110515583205327,z,2021jhp,14.0,0.7147
202,59309.323211984745,22.173995665346812,-6.670171256143563,0.5207421918346552,0.739781366301131,0.035463273598981535,0.3965652141221421,0.048796466057425485,34.284074283582065,r,2021jhp,10.0,0.7147
203,59307.09702891142,22.963241070417936,-7.834667948905367,-0.1169718411105113,0.9179540848777141,0.0652060824521298,2.574635592032939,0.11972927726457736,16.48520319561429,g,2021jhp,9.0,0.7147
204,59282.1327,17.574718063763623,-4.668672915403173,0.08554672672617433,0.0,0.027191115804130583,0.21102895628451201,0.047906717016491636,13.369050535419097,g,2021dnl ,43.0,0.3167
205,59272.9158,17.46080358670856,-0.5585941041871932,0.22005521020221927,0.0,0.01864181989880782,0.0996545885368801,0.02119051132145974,647.0153168398195,r,2021dnl ,24.0,0.3167
206,59272.9158,18.28539219028193,1.2865993887765217,-0.14239175734302278,0.0,0.006312507571987097,0.028919740910347404,0.008155910725076326,628.9442982529708,z,2021dnl ,17.0,0.3167
207,59297.39734123513,20.16149486448824,-6.1667886178216955,0.22460755811717054,0.22738398082211767,0.006472965472594106,0.26349457626934086,0.03546096743111495,75.46551839024237,g,2021gwm ,34.0,0.1571
208,59298.691462564144,20.218214361129803,-1.0796187040926752,0.37032828731072803,0.16356052388534262,0.005712987869193626,0.08556548895042038,0.018183383620931214,75.15456752145998,r,2021gwm ,27.0,0.1571
209,59296.29973199565,20.929099241426385,2.075003514631086,-0.4887606082953182,0.7536663216534987,0.019084316769498903,0.025370717187515893,0.007343182748356306,82.00114671653587,z,2021gwm ,24.0,0.1571
210,59340.83720872654,18.59808450953771,-5.497128849902916,0.07017810492529358,0.060872269025285454,0.003856534296649019,0.17655056468452576,0.030112428332432137,1242.780418684659,g,2021knj ,10.0,0.0498
211,59340.93617137085,19.423826998474517,2.5557837706901076,-0.7262320679008935,0.17434111109375247,0.008690445816674072,0.023841084338373772,0.0069611199578022255,1119.8288271002173,z,2021knj ,8.0,0.0498
212,59343.275157022115,18.733454978649494,-0.007740757490796749,0.3765057560675421,0.05868621989101159,0.0033166261138238163,0.06034167796545924,0.016339620447367618,6642.433748563259,r,2021knj ,7.0,0.0498
213,59320.09731861585,22.07151707143569,-2.1586520537521348,0.0863427433252578,0.6742000948788035,0.02441761427841864,0.5897089327325805,0.05650562663117466,34.06742866884728,g,2021jxk ,17.0,0.3803
214,59329.75941861585,21.67168310865913,0.9054079093345331,-0.0009881666542082557,0.0,0.05485261561845298,0.03375926049829722,0.00940323446678196,54.7533998980867,z,2021jxk ,15.0,0.3803
215,59329.75941861585,21.70536849693162,-3.3002832070579817,0.4244613881828861,0.0,0.030325544437701347,0.16913114430393933,0.026030902368764444,211.77827992228,r,2021jxk ,11.0,0.3803
216,59297.84200985954,20.572388176869424,-7.758373982173043,0.1685600521127437,0.27304232978174253,0.010806706325886326,0.4031604294053375,0.03861035580332441,57.554377238452076,g,2021hnd ,18.0,0.2018
217,59299.6410180837,20.617251847639736,-1.9242088063989544,0.3786229720729779,0.25027271841178944,0.011644560767632093,0.1089840022244865,0.019495243384710252,69.81143667525967,r,2021hnd ,15.0,0.2018
218,59295.45342040462,21.25390060346356,1.8297499809883075,-0.39069857491237153,1.6974309777615022,0.03631816357169191,0.02662223220957799,0.007623773312658435,40.065590199197835,z,2021hnd ,10.0,0.2018
219,59310.59841986125,20.590089472095585,-5.272254188257036,0.10555277075402754,0.25223882904456935,0.010765814074384913,0.377614662043707,0.04981475342984689,109.27996112434836,g,2021hmy ,23.0,0.3376
220,59310.611799723505,20.420838183462298,-3.245798843785194,0.4142160911131499,0.28676561661080846,0.011337074013475399,0.1225501918118959,0.023915662031429225,43.62400495420908,r,2021hmy ,16.0,0.3376
221,59308.64916495929,21.44476261194731,1.1216384230262708,-0.09496670414261557,0.9022844115530158,0.03668639776765017,0.031640489228489534,0.008878102700035407,67.22047649598946,z,2021hmy ,15.0,0.3376
222,59333.30758914719,22.58469094134981,0.07178800727812257,0.018250099099103235,1.1656185217908306,0.09196797466277125,1.3159071437426506,0.07823966278227609,50.36542420282146,g,2021jhe ,12.0,0.5185
223,59335.07183116668,21.66012367240396,-4.603609668095315,0.48242539357326986,0.5930987514220755,0.0371978922114005,0.24697939836287405,0.033810053787403066,183.14456373517342,r,2021jhe ,8.0,0.5185
224,59343.93708914719,22.228993403138652,0.1791591798795697,0.30040941868634563,0.0,0.09268334812581636,0.04229892950655803,0.011529537553968955,2.757551608691331,z,2021jhe ,7.0,0.5185
225,59326.216345049725,21.484421751680536,2.2626254284267397,-0.5738506630294997,0.5191655404305813,0.03295690694239982,0.02480586094189535,0.007163331461633845,60.17932698535181,z,2021jhx ,23.0,0.1173
226,59324.34873039567,21.964986663567117,-0.8289566468866111,0.3638783443206834,0.4243979654616426,0.02581839041657131,0.10134843265412971,0.01793713264741615,131.3276762790185,r,2021jhx ,19.0,0.1173
227,59333.48392027247,22.028730303083037,-5.339904498872109,0.193578447099936,3.3719846512920064,0.1069998441673362,0.5446240951180548,0.03420142478163539,61.000978466124366,g,2021jhx ,11.0,0.1173
228,59375.95564,20.19181044854814,-1.8568784196,0.37830800000000003,0.0,0.07077790491159532,0.1157300406888372,0.01926498895389489,0.0,r,missing19 ,4.0,0.1858
229,59352.61103571353,21.33940962050292,1.870066774707069,-0.4101825528716829,0.7386662034971718,0.033964707298397366,0.02643645730894454,0.007563577897472669,46.747231250227415,z,2021moc ,14.0,0.1926
230,59355.5373941007,20.684336399321396,-6.111853998740893,0.1823871439009746,0.217446309065278,0.01799594633834425,0.5595604249401157,0.03780298259988292,35.75360300972434,g,2021moc ,7.0,0.1926
231,59357.48200376983,20.653583181309042,-1.916222370212963,0.384133411184536,0.2115731123811179,0.014534316427093687,0.11651912776524222,0.019343953306420036,45.31711835657385,r,2021moc ,4.0,0.1926
232,59346.4514481737,22.06790656406275,1.1929457723520616,-0.12505490438349093,1.3761743751014806,0.059097047952580986,0.031050180661766215,0.008717630390720031,13.548365468432564,z,2021jib ,13.0,0.3233
233,59350.68534143316,23.04712062320212,-3.5385369717202035,0.41596170442829994,1.9297138968150074,0.0901676933596397,0.15726555131933745,0.02362509126230876,21.318312187845006,r,2021jib ,5.0,0.3233
234,59340.18182493989,20.8245289617997,-7.393046196276973,0.1045103020184205,0.325340698915002,0.016322318741578967,0.6841095606859952,0.05146188891479874,12.283438864895587,g,2021kst  ,15.0,0.3404
235,59343.64586090266,21.34813649475009,1.1043504991576374,-0.08759411698581548,1.0847228761193952,0.037449315639312045,0.03181400333825175,0.008910596790924959,70.19298260138005,z,2021kst  ,17.0,0.3404
236,59343.29081324108,20.768777142462046,-3.479221971307237,0.42243433683035925,0.28657261074578877,0.012951177540191615,0.15232540684633233,0.024207874405157075,43.82841066443585,r,2021kst  ,9.0,0.3404
237,59352.324651885145,22.40704615579346,-1.2201868925236137,0.36634570050232446,1.3537680902448501,0.07477240771929973,0.10667263294173236,0.018301526238110974,2.19522337594857,r,missing3 ,3.0,0.1383
238,59344.35655188515,22.328084801820793,-5.0086615200061315,0.22149041698182007,0.0,0.06227211751235018,0.5580251824095928,0.03511955681300474,25.744467580705347,g,missing3 ,3.0,0.1383
239,59328.99106930315,22.384013267822436,-5.350439787011057,-0.11166772823791322,0.7387065852482977,0.0509004564755087,1.40922009462402,0.11027321266772268,35.005907342624326,g,2021kie ,14.0,0.681
240,59334.46573512179,22.220485798922557,-0.6639267828139791,0.6545090563492076,3.2678911787313427,0.09116406571492738,0.05563359016098476,0.01486363269981392,24.013188169602653,z,2021kie ,11.0,0.681
241,59331.95101920194,22.311512890401843,-6.945617322664307,0.5139499733085418,0.722072614502679,0.04586986686716465,0.38384824504218934,0.045932893329410675,10.908449206374017,r,2021kie ,8.0,0.681
242,59292.108,21.63686024849253,-2.342377507521766,0.3871774514575722,0.0,0.02296725220961463,0.11979671405100405,0.020150931247691482,14.338142562879046,r,2021hmv ,11.0,0.2222
243,59283.5526,21.665599829511685,-5.704296035315962,0.17079787248514502,0.0,0.06162793929168038,0.566722207856208,0.04032169410343783,8.067953299861646,g,2021hmv ,9.0,0.2222
244,59300.6634,22.062732079962775,1.7176668524096368,-0.3456363418006883,0.0,0.06041040747274943,0.027269512438571154,0.0077740414235423555,7.286021546772347,z,2021hmv ,7.0,0.2222
245,59342.57667852876,21.958455457059067,2.0304144572753193,-0.4765494801732359,1.2862548832630298,0.06300750450159505,0.02568995277964253,0.007379107890529544,19.24445382996337,z,2021jgx ,11.0,0.1621
246,59340.81252899071,22.182671326235706,-5.471848973961964,0.475290072423556,0.7018328957027522,0.034162639813874254,0.2555689506874374,0.03394563872079689,31.47487245437334,r,missing1 ,14.0,0.5208
247,59343.79689472363,22.261528510992,0.1671847418549449,0.3053425074253784,1.9812789154094697,0.06065392097995864,0.04245927152186205,0.011569697533454128,14.984453016462082,z,missing1 ,16.0,0.5208
248,59337.51708189987,23.34887360261183,-7.00254543699169,-0.0015816278624156404,2.459308191372826,0.1595039431686095,1.8087554201752736,0.07875641711525443,10.7247447571415,g,missing1 ,9.0,0.5208
249,59329.27284952079,21.34883550457498,2.1942939673851227,-0.5479283497264649,0.5771207542642713,0.037407148161105415,0.02501102376039494,0.007214108086489694,53.36519319899975,z,2021jxm  ,15.0,0.12925
250,59323.4585493089,22.09828516112947,-4.4023014201291515,0.22984939144215585,0.5729618614122626,0.03550492735319686,0.5011260843961028,0.03463459720830067,24.64480891709782,g,2021jxm  ,10.0,0.12925
251,59325.70285110723,21.56959815903854,-0.9930450163893186,0.3620554803682125,0.4250982201473776,0.0264372137075198,0.1028412326998302,0.018112932736722712,55.05721593242065,r,2021jxm  ,10.0,0.12925
252,59298.40702089989,21.606331225632125,-0.44349901591009006,0.5744603047942141,0.00020104828209354888,0.030744929506037872,0.05200878022486402,0.014036251748990933,94.90603457028307,z,2021hnj ,27.0,0.6451
253,59302.35665370488,22.199789615937977,-4.008187055218695,0.47522010616905125,0.8020452708157919,0.035379155992841714,0.30556685036637243,0.042943084522245996,285.6078989607005,r,2021hnj ,24.0,0.6451
254,59294.797524012785,23.196011392043864,2.269446245058372,-0.08787661784059639,5.535551035364759,0.09460090885350912,1.1111453566588323,0.1023324906236123,39.24978687869776,g,2021hnj ,14.0,0.6451
255,59364.793658962255,21.404709293182314,-9.796255292349162,-0.11334725816085724,0.7113062277216682,0.027019133328854524,2.776839302648715,0.11165075837921419,7.966588818551868,g,2021muc ,3.0,0.6798
256,59328.73856739893,22.374962728421025,-5.709878451697204,0.12650763236458026,0.6001514280029745,0.05832737266696484,0.8075370149895681,0.046915435700718634,11.208416116408713,g,2021kib ,10.0,0.2961
257,59329.306443833935,22.049985192052706,-3.219372957988167,0.4066811305308462,0.5803238519521268,0.04027525568736507,0.14611096925200268,0.022564606017408055,8.217525827279543,r,2021kib ,10.0,0.2961
258,59330.48502263617,22.106353692674865,1.3342609648739734,-0.1844822792983525,1.6816456063917669,0.09334452492157047,0.029895720988642543,0.008429784680984693,8.77893668519302,z,2021kib ,7.0,0.2961
259,59305.3434873364,21.475686020961707,-3.29314760448619,0.42816478120969453,0.21798663758102887,0.014852381888804911,0.15840659440143906,0.02539047689800465,143.9828058788396,r,2021hnb ,31.0,0.3681
260,59302.23569712851,21.623480853269125,0.9837596282272841,-0.028941080513706686,0.6221455406851432,0.027129877035638357,0.033079268260778734,0.009244206099397424,150.89679215121683,z,2021hnb ,29.0,0.3681
261,59301.92853672973,22.080503946457473,-4.594646466405043,0.05772957999392254,0.4059831035241931,0.02706352170347501,0.6908896796383551,0.05485929150185682,110.12601167794827,g,2021hnb ,28.0,0.3681
262,59351.49294205642,21.840318009183424,-6.175222508977815,0.15314272131479326,0.674417615471477,0.030737250970687996,0.7326599083804398,0.04251268543588587,4.875222039253862,g,2021mob ,6.0,0.2503
263,59354.05560086348,21.57266195142024,-2.680499823224028,0.3949287824500358,0.5481874628058788,0.02812078389486671,0.13191595626913236,0.020989537370651644,6.745505326898662,r,2021mob ,5.0,0.2503
264,59348.167363554,21.941925043398175,1.5719937870024485,-0.2841936554504252,1.706473409010968,0.07233153189043819,0.028185036902433642,0.00800133096428084,8.80774936778797,z,2021mob ,5.0,0.2503
265,59300.406709822935,22.545218202272807,-4.071796681663938,0.06937587576270957,1.4087245175634595,0.0644911975017831,0.9840139497362256,0.056557978693540546,62.02509344458454,g,2021hmw ,10.0,0.3784
266,59301.01624861867,21.89476725973215,-4.006698595957307,0.4241160492108418,0.5583948990438463,0.027319014280792066,0.17746585730945122,0.02600897600712951,50.35335243564897,r,2021hmw ,10.0,0.3784
267,59336.861457949046,20.17526394381035,-0.5171747580889958,0.352003397634344,0.25868119403919476,0.018692378247722904,0.0995069539235865,0.017567814590229467,17.569741479575764,r,2021fcp ,6.0,0.0877
268,59301.492868314315,21.091217564807966,2.39266764481475,-0.627252992116397,0.4648358020934497,0.03256724283269387,0.024464054186834616,0.007075447149185765,39.423292765536885,z,2021jhv ,10.0,0.093
269,59302.4413645434,21.94647464142774,-0.41879188489953517,0.3495830644745899,8.383369683972104e-05,0.034939998474695366,0.09857981919045117,0.017625650251083508,106.5470619341594,r,2021jhv ,11.0,0.093
270,59308.5457327333,22.325898236027,-2.250096798726275,0.23667108687625038,0.0001950402818464724,0.12164035465422898,0.48964253080400816,0.03329832292745091,211.1097696595496,g,2021jhv ,9.0,0.093
271,59335.73498489754,21.26234335402458,-2.015246703578448,0.38133355625655624,1.2473826533650867,0.06646040711676902,0.11849430902091916,0.019561154764604474,7.450525748864412,r,2021ksz ,5.0,0.1982
272,59302.39103584471,22.318752542789547,-0.9754474438546085,0.3586952718972197,0.6879975773047659,0.04888239629074046,0.10424710396699198,0.018108809533638758,90.96253966731298,r,2021hnl ,11.0,0.1273
273,59299.22042166869,21.73485814209889,2.209359641621264,-0.5524105337021143,1.1394783183429609,0.04622108303695104,0.024997902932255175,0.007206407393003386,7.8209720987624545,z,2021hnl ,9.0,0.1273
274,59301.15884582801,22.74414685705438,-4.026163002758168,0.22400560669823952,0.00029652621225952314,0.136260731861048,0.5476235859431192,0.034607737445600986,61.873937004519206,g,2021hnl ,6.0,0.1273
275,59336.315643022404,21.959530089274182,-6.434638545462811,0.0648215340073031,2.9338948331728245,0.16068977784060529,1.159639724348737,0.05937147132955984,19.1039051534628,g,2021bxc ,5.0,0.399
276,59346.1086430224,22.212766054451937,-4.3588312394836395,0.4368159331311379,0.0,0.07042408719304614,0.18982760546269686,0.027025635932633487,14.985570734503424,r,2021bxc ,6.0,0.399
277,59357.31886774012,21.941029306314483,-1.1805595894943421,0.8712309801360747,2.247874701396312,0.04637022412826255,0.06558443331468311,0.017349983161737647,23.316343073203804,z,2021mii  ,14.0,0.7804
278,59354.95455618725,21.64740712078304,-10.0,-0.1842822331123287,0.5376622319005993,0.02567407596686755,0.0,0.13426025752605888,19.290220384633376,g,2021mii  ,7.0,0.7804
279,59357.8424098023,21.406763263859183,-7.899430366021316,0.5265277843753964,0.45335597892400464,0.023456455708840803,0.4835861671819338,0.05482573896341589,21.889489923284682,r,2021mii  ,5.0,0.7804
280,59343.31491333,21.040032222879237,-2.2554104170628273,0.3856871483303699,0.00021984990590500386,0.030487099493651797,0.1220364229109078,0.020026909857666513,49.63365329327766,r,2021kta ,6.0,0.216233333
